,datetime,tickersymbol,price
1970-01-01 00:00:00.000000000,2021-06-01,VN30,1482.92
1970-01-01 00:00:00.000000001,2021-06-02,VN30,1478.85
1970-01-01 00:00:00.000000002,2021-06-03,VN30,1504.37
1970-01-01 00:00:00.000000003,2021-06-04,VN30,1508.35
1970-01-01 00:00:00.000000004,2021-06-07,VN30,1484.1
1970-01-01 00:00:00.000000005,2021-06-08,VN30,1438.97
1970-01-01 00:00:00.000000006,2021-06-09,VN30,1457.76
1970-01-01 00:00:00.000000007,2021-06-10,VN30,1451.18
1970-01-01 00:00:00.000000008,2021-06-11,VN30,1487.61
1970-01-01 00:00:00.000000009,2021-06-14,VN30,1495.51
1970-01-01 00:00:00.000000010,2021-06-15,VN30,1487.04
1970-01-01 00:00:00.000000011,2021-06-16,VN30,1465.58
1970-01-01 00:00:00.000000012,2021-06-17,VN30,1461.91
1970-01-01 00:00:00.000000013,2021-06-18,VN30,1481.3
1970-01-01 00:00:00.000000014,2021-06-21,VN30,1478.29
1970-01-01 00:00:00.000000015,2021-06-22,VN30,1489.24
1970-01-01 00:00:00.000000016,2021-06-23,VN30,1489.53
1970-01-01 00:00:00.000000017,2021-06-24,VN30,1486.96
1970-01-01 00:00:00.000000018,2021-06-25,VN30,1500.3
1970-01-01 00:00:00.000000019,2021-06-28,VN30,1521.41
1970-01-01 00:00:00.000000020,2021-06-29,VN30,1529.97
1970-01-01 00:00:00.000000021,2021-06-30,VN30,1529.0
1970-01-01 00:00:00.000000022,2021-07-01,VN30,1545.14
1970-01-01 00:00:00.000000023,2021-07-02,VN30,1554.59
1970-01-01 00:00:00.000000024,2021-07-05,VN30,1557.41
1970-01-01 00:00:00.000000025,2021-07-06,VN30,1488.42
1970-01-01 00:00:00.000000026,2021-07-07,VN30,1538.77
1970-01-01 00:00:00.000000027,2021-07-08,VN30,1521.21
1970-01-01 00:00:00.000000028,2021-07-09,VN30,1494.43
1970-01-01 00:00:00.000000029,2021-07-12,VN30,1443.1
1970-01-01 00:00:00.000000030,2021-07-13,VN30,1440.87
1970-01-01 00:00:00.000000031,2021-07-14,VN30,1410.3
1970-01-01 00:00:00.000000032,2021-07-15,VN30,1430.29
1970-01-01 00:00:00.000000033,2021-07-16,VN30,1438.05
1970-01-01 00:00:00.000000034,2021-07-19,VN30,1374.15
1970-01-01 00:00:00.000000035,2021-07-20,VN30,1411.02
1970-01-01 00:00:00.000000036,2021-07-21,VN30,1406.54
1970-01-01 00:00:00.000000037,2021-07-22,VN30,1428.48
1970-01-01 00:00:00.000000038,2021-07-23,VN30,1401.53
1970-01-01 00:00:00.000000039,2021-07-26,VN30,1403.96
1970-01-01 00:00:00.000000040,2021-07-27,VN30,1409.85
1970-01-01 00:00:00.000000041,2021-07-28,VN30,1407.5
1970-01-01 00:00:00.000000042,2021-07-29,VN30,1427.55
1970-01-01 00:00:00.000000043,2021-07-30,VN30,1447.23
1970-01-01 00:00:00.000000044,2021-08-02,VN30,1448.21
1970-01-01 00:00:00.000000045,2021-08-03,VN30,1469.87
1970-01-01 00:00:00.000000046,2021-08-04,VN30,1472.2
1970-01-01 00:00:00.000000047,2021-08-05,VN30,1486.46
1970-01-01 00:00:00.000000048,2021-08-06,VN30,1476.79
1970-01-01 00:00:00.000000049,2021-08-09,VN30,1497.83
1970-01-01 00:00:00.000000050,2021-08-10,VN30,1494.41
1970-01-01 00:00:00.000000051,2021-08-11,VN30,1487.91
1970-01-01 00:00:00.000000052,2021-08-12,VN30,1477.06
1970-01-01 00:00:00.000000053,2021-08-13,VN30,1484.25
1970-01-01 00:00:00.000000054,2021-08-16,VN30,1500.77
1970-01-01 00:00:00.000000055,2021-08-17,VN30,1494.12
1970-01-01 00:00:00.000000056,2021-08-18,VN30,1489.54
1970-01-01 00:00:00.000000057,2021-08-19,VN30,1505.01
1970-01-01 00:00:00.000000058,2021-08-20,VN30,1450.45
1970-01-01 00:00:00.000000059,2021-08-23,VN30,1412.0
1970-01-01 00:00:00.000000060,2021-08-24,VN30,1418.26
1970-01-01 00:00:00.000000061,2021-08-25,VN30,1428.51
1970-01-01 00:00:00.000000062,2021-08-26,VN30,1412.45
1970-01-01 00:00:00.000000063,2021-08-27,VN30,1418.57
1970-01-01 00:00:00.000000064,2021-08-30,VN30,1431.05
1970-01-01 00:00:00.000000065,2021-08-31,VN30,1428.66
1970-01-01 00:00:00.000000066,2021-09-01,VN30,1426.94
1970-01-01 00:00:00.000000067,2021-09-06,VN30,1441.54
1970-01-01 00:00:00.000000068,2021-09-07,VN30,1444.1
1970-01-01 00:00:00.000000069,2021-09-08,VN30,1433.71
1970-01-01 00:00:00.000000070,2021-09-09,VN30,1447.28
1970-01-01 00:00:00.000000071,2021-09-10,VN30,1448.33
1970-01-01 00:00:00.000000072,2021-09-13,VN30,1444.99
1970-01-01 00:00:00.000000073,2021-09-14,VN30,1438.16
1970-01-01 00:00:00.000000074,2021-09-15,VN30,1444.85
1970-01-01 00:00:00.000000075,2021-09-16,VN30,1448.98
1970-01-01 00:00:00.000000076,2021-09-17,VN30,1455.59
1970-01-01 00:00:00.000000077,2021-09-20,VN30,1458.66
1970-01-01 00:00:00.000000078,2021-09-21,VN30,1446.22
1970-01-01 00:00:00.000000079,2021-09-22,VN30,1453.22
1970-01-01 00:00:00.000000080,2021-09-23,VN30,1458.23
1970-01-01 00:00:00.000000081,2021-09-24,VN30,1459.94
1970-01-01 00:00:00.000000082,2021-09-27,VN30,1439.2
1970-01-01 00:00:00.000000083,2021-09-28,VN30,1451.12
1970-01-01 00:00:00.000000084,2021-09-29,VN30,1450.52
1970-01-01 00:00:00.000000085,2021-09-30,VN30,1453.76
1970-01-01 00:00:00.000000086,2021-10-01,VN30,1441.83
1970-01-01 00:00:00.000000087,2021-10-04,VN30,1443.61
1970-01-01 00:00:00.000000088,2021-10-05,VN30,1456.21
1970-01-01 00:00:00.000000089,2021-10-06,VN30,1461.72
1970-01-01 00:00:00.000000090,2021-10-07,VN30,1462.74
1970-01-01 00:00:00.000000091,2021-10-08,VN30,1476.54
1970-01-01 00:00:00.000000092,2021-10-11,VN30,1510.27
1970-01-01 00:00:00.000000093,2021-10-12,VN30,1509.57
1970-01-01 00:00:00.000000094,2021-10-13,VN30,1505.55
1970-01-01 00:00:00.000000095,2021-10-14,VN30,1503.38
1970-01-01 00:00:00.000000096,2021-10-15,VN30,1504.84
1970-01-01 00:00:00.000000097,2021-10-18,VN30,1510.49
1970-01-01 00:00:00.000000098,2021-10-19,VN30,1507.19
1970-01-01 00:00:00.000000099,2021-10-20,VN30,1505.03
1970-01-01 00:00:00.000000100,2021-10-21,VN30,1489.26
1970-01-01 00:00:00.000000101,2021-10-22,VN30,1488.71
1970-01-01 00:00:00.000000102,2021-10-25,VN30,1476.97
1970-01-01 00:00:00.000000103,2021-10-26,VN30,1482.62
1970-01-01 00:00:00.000000104,2021-10-27,VN30,1516.46
1970-01-01 00:00:00.000000105,2021-10-28,VN30,1529.26
1970-01-01 00:00:00.000000106,2021-10-29,VN30,1532.35
1970-01-01 00:00:00.000000107,2021-11-01,VN30,1516.75
1970-01-01 00:00:00.000000108,2021-11-02,VN30,1521.35
1970-01-01 00:00:00.000000109,2021-11-03,VN30,1530.65
1970-01-01 00:00:00.000000110,2021-11-04,VN30,1528.21
1970-01-01 00:00:00.000000111,2021-11-05,VN30,1531.76
1970-01-01 00:00:00.000000112,2021-11-08,VN30,1535.66
1970-01-01 00:00:00.000000113,2021-11-09,VN30,1527.13
1970-01-01 00:00:00.000000114,2021-11-10,VN30,1523.79
1970-01-01 00:00:00.000000115,2021-11-11,VN30,1514.36
1970-01-01 00:00:00.000000116,2021-11-12,VN30,1527.94
1970-01-01 00:00:00.000000117,2021-11-15,VN30,1528.68
1970-01-01 00:00:00.000000118,2021-11-16,VN30,1517.22
1970-01-01 00:00:00.000000119,2021-11-17,VN30,1519.58
1970-01-01 00:00:00.000000120,2021-11-18,VN30,1503.42
1970-01-01 00:00:00.000000121,2021-11-19,VN30,1500.05
1970-01-01 00:00:00.000000122,2021-11-22,VN30,1517.04
1970-01-01 00:00:00.000000123,2021-11-23,VN30,1533.12
1970-01-01 00:00:00.000000124,2021-11-24,VN30,1565.29
1970-01-01 00:00:00.000000125,2021-11-25,VN30,1572.46
1970-01-01 00:00:00.000000126,2021-11-26,VN30,1566.55
1970-01-01 00:00:00.000000127,2021-11-29,VN30,1553.04
1970-01-01 00:00:00.000000128,2021-11-30,VN30,1537.59
1970-01-01 00:00:00.000000129,2021-12-01,VN30,1549.81
1970-01-01 00:00:00.000000130,2021-12-02,VN30,1540.88
1970-01-01 00:00:00.000000131,2021-12-03,VN30,1503.98
1970-01-01 00:00:00.000000132,2021-12-06,VN30,1480.92
1970-01-01 00:00:00.000000133,2021-12-07,VN30,1512.62
1970-01-01 00:00:00.000000134,2021-12-08,VN30,1516.16
1970-01-01 00:00:00.000000135,2021-12-09,VN30,1529.61
1970-01-01 00:00:00.000000136,2021-12-10,VN30,1519.46
1970-01-01 00:00:00.000000137,2021-12-13,VN30,1520.8
1970-01-01 00:00:00.000000138,2021-12-14,VN30,1516.44
1970-01-01 00:00:00.000000139,2021-12-15,VN30,1519.42
1970-01-01 00:00:00.000000140,2021-12-16,VN30,1510.17
1970-01-01 00:00:00.000000141,2021-12-17,VN30,1513.56
1970-01-01 00:00:00.000000142,2021-12-20,VN30,1513.6
1970-01-01 00:00:00.000000143,2021-12-21,VN30,1511.48
1970-01-01 00:00:00.000000144,2021-12-22,VN30,1504.12
1970-01-01 00:00:00.000000145,2021-12-23,VN30,1477.37
1970-01-01 00:00:00.000000146,2021-12-24,VN30,1506.67
1970-01-01 00:00:00.000000147,2021-12-27,VN30,1514.55
1970-01-01 00:00:00.000000148,2021-12-28,VN30,1523.54
1970-01-01 00:00:00.000000149,2021-12-29,VN30,1515.94
1970-01-01 00:00:00.000000150,2021-12-30,VN30,1519.62
1970-01-01 00:00:00.000000151,2021-12-31,VN30,1535.71
1970-01-01 00:00:00.000000152,2022-01-04,VN30,1558.87
1970-01-01 00:00:00.000000153,2022-01-05,VN30,1546.01
1970-01-01 00:00:00.000000154,2022-01-06,VN30,1544.95
1970-01-01 00:00:00.000000155,2022-01-07,VN30,1532.24
1970-01-01 00:00:00.000000156,2022-01-10,VN30,1514.7
1970-01-01 00:00:00.000000157,2022-01-11,VN30,1499.74
1970-01-01 00:00:00.000000158,2022-01-12,VN30,1530.04
1970-01-01 00:00:00.000000159,2022-01-13,VN30,1526.43
1970-01-01 00:00:00.000000160,2022-01-14,VN30,1523.57
1970-01-01 00:00:00.000000161,2022-01-17,VN30,1478.61
1970-01-01 00:00:00.000000162,2022-01-18,VN30,1477.06
1970-01-01 00:00:00.000000163,2022-01-19,VN30,1482.55
1970-01-01 00:00:00.000000164,2022-01-20,VN30,1492.81
1970-01-01 00:00:00.000000165,2022-01-21,VN30,1502.16
1970-01-01 00:00:00.000000166,2022-01-24,VN30,1471.31
1970-01-01 00:00:00.000000167,2022-01-25,VN30,1516.16
1970-01-01 00:00:00.000000168,2022-01-26,VN30,1525.31
1970-01-01 00:00:00.000000169,2022-01-27,VN30,1516.57
1970-01-01 00:00:00.000000170,2022-01-28,VN30,1532.24
1970-01-01 00:00:00.000000171,2022-02-07,VN30,1541.25
1970-01-01 00:00:00.000000172,2022-02-08,VN30,1550.46
1970-01-01 00:00:00.000000173,2022-02-09,VN30,1552.44
1970-01-01 00:00:00.000000174,2022-02-10,VN30,1548.95
1970-01-01 00:00:00.000000175,2022-02-11,VN30,1545.92
1970-01-01 00:00:00.000000176,2022-02-14,VN30,1505.07
1970-01-01 00:00:00.000000177,2022-02-15,VN30,1527.36
1970-01-01 00:00:00.000000178,2022-02-16,VN30,1521.47
1970-01-01 00:00:00.000000179,2022-02-17,VN30,1540.51
1970-01-01 00:00:00.000000180,2022-02-18,VN30,1531.47
1970-01-01 00:00:00.000000181,2022-02-21,VN30,1533.4
1970-01-01 00:00:00.000000182,2022-02-22,VN30,1532.36
1970-01-01 00:00:00.000000183,2022-02-23,VN30,1538.83
1970-01-01 00:00:00.000000184,2022-02-24,VN30,1522.04
1970-01-01 00:00:00.000000185,2022-02-25,VN30,1526.5
1970-01-01 00:00:00.000000186,2022-02-28,VN30,1517.18
1970-01-01 00:00:00.000000187,2022-03-01,VN30,1520.12
1970-01-01 00:00:00.000000188,2022-03-02,VN30,1498.61
1970-01-01 00:00:00.000000189,2022-03-03,VN30,1522.49
1970-01-01 00:00:00.000000190,2022-03-04,VN30,1525.34
1970-01-01 00:00:00.000000191,2022-03-07,VN30,1509.12
1970-01-01 00:00:00.000000192,2022-03-08,VN30,1490.17
1970-01-01 00:00:00.000000193,2022-03-09,VN30,1489.25
1970-01-01 00:00:00.000000194,2022-03-10,VN30,1490.24
1970-01-01 00:00:00.000000195,2022-03-11,VN30,1477.14
1970-01-01 00:00:00.000000196,2022-03-14,VN30,1461.1
1970-01-01 00:00:00.000000197,2022-03-15,VN30,1468.89
1970-01-01 00:00:00.000000198,2022-03-16,VN30,1472.69
1970-01-01 00:00:00.000000199,2022-03-17,VN30,1469.92
1970-01-01 00:00:00.000000200,2022-03-18,VN30,1476.94
1970-01-01 00:00:00.000000201,2022-03-21,VN30,1502.67
1970-01-01 00:00:00.000000202,2022-03-22,VN30,1513.4
1970-01-01 00:00:00.000000203,2022-03-23,VN30,1505.59
1970-01-01 00:00:00.000000204,2022-03-24,VN30,1497.44
1970-01-01 00:00:00.000000205,2022-03-25,VN30,1498.36
1970-01-01 00:00:00.000000206,2022-03-28,VN30,1484.16
1970-01-01 00:00:00.000000207,2022-03-29,VN30,1500.57
1970-01-01 00:00:00.000000208,2022-03-30,VN30,1500.23
1970-01-01 00:00:00.000000209,2022-03-31,VN30,1508.53
1970-01-01 00:00:00.000000210,2022-04-01,VN30,1542.47
1970-01-01 00:00:00.000000211,2022-04-04,VN30,1548.04
1970-01-01 00:00:00.000000212,2022-04-05,VN30,1539.2
1970-01-01 00:00:00.000000213,2022-04-06,VN30,1557.11
1970-01-01 00:00:00.000000214,2022-04-07,VN30,1541.96
1970-01-01 00:00:00.000000215,2022-04-08,VN30,1524.31
1970-01-01 00:00:00.000000216,2022-04-12,VN30,1507.2
1970-01-01 00:00:00.000000217,2022-04-13,VN30,1525.39
1970-01-01 00:00:00.000000218,2022-04-14,VN30,1518.01
1970-01-01 00:00:00.000000219,2022-04-15,VN30,1493.74
1970-01-01 00:00:00.000000220,2022-04-18,VN30,1468.25
1970-01-01 00:00:00.000000221,2022-04-19,VN30,1440.61
1970-01-01 00:00:00.000000222,2022-04-20,VN30,1435.5
1970-01-01 00:00:00.000000223,2022-04-21,VN30,1426.87
1970-01-01 00:00:00.000000224,2022-04-22,VN30,1444.32
1970-01-01 00:00:00.000000225,2022-04-25,VN30,1366.39
1970-01-01 00:00:00.000000226,2022-04-26,VN30,1396.9
1970-01-01 00:00:00.000000227,2022-04-27,VN30,1402.03
1970-01-01 00:00:00.000000228,2022-04-28,VN30,1400.88
1970-01-01 00:00:00.000000229,2022-04-29,VN30,1417.31
1970-01-01 00:00:00.000000230,2022-05-04,VN30,1389.59
1970-01-01 00:00:00.000000231,2022-05-05,VN30,1404.88
1970-01-01 00:00:00.000000232,2022-05-06,VN30,1373.21
1970-01-01 00:00:00.000000233,2022-05-09,VN30,1314.04
1970-01-01 00:00:00.000000234,2022-05-10,VN30,1345.46
1970-01-01 00:00:00.000000235,2022-05-11,VN30,1349.82
1970-01-01 00:00:00.000000236,2022-05-12,VN30,1279.76
1970-01-01 00:00:00.000000237,2022-05-13,VN30,1223.76
1970-01-01 00:00:00.000000238,2022-05-16,VN30,1215.08
1970-01-01 00:00:00.000000239,2022-05-17,VN30,1279.55
1970-01-01 00:00:00.000000240,2022-05-18,VN30,1286.41
1970-01-01 00:00:00.000000241,2022-05-19,VN30,1283.55
1970-01-01 00:00:00.000000242,2022-05-20,VN30,1282.51
1970-01-01 00:00:00.000000243,2022-05-23,VN30,1255.35
1970-01-01 00:00:00.000000244,2022-05-24,VN30,1272.71
1970-01-01 00:00:00.000000245,2022-05-25,VN30,1310.7
1970-01-01 00:00:00.000000246,2022-05-26,VN30,1309.5
1970-01-01 00:00:00.000000247,2022-05-27,VN30,1335.68
1970-01-01 00:00:00.000000248,2022-05-30,VN30,1342.87
1970-01-01 00:00:00.000000249,2022-05-31,VN30,1332.59
1970-01-01 00:00:00.000000250,2022-06-01,VN30,1335.49
1970-01-01 00:00:00.000000251,2022-06-02,VN30,1325.49
1970-01-01 00:00:00.000000252,2022-06-03,VN30,1327.4
1970-01-01 00:00:00.000000253,2022-06-06,VN30,1327.04
1970-01-01 00:00:00.000000254,2022-06-07,VN30,1324.37
1970-01-01 00:00:00.000000255,2022-06-08,VN30,1342.03
1970-01-01 00:00:00.000000256,2022-06-09,VN30,1342.92
1970-01-01 00:00:00.000000257,2022-06-10,VN30,1325.69
1970-01-01 00:00:00.000000258,2022-06-13,VN30,1260.85
1970-01-01 00:00:00.000000259,2022-06-14,VN30,1261.16
1970-01-01 00:00:00.000000260,2022-06-15,VN30,1253.09
1970-01-01 00:00:00.000000261,2022-06-16,VN30,1280.37
1970-01-01 00:00:00.000000262,2022-06-17,VN30,1258.03
1970-01-01 00:00:00.000000263,2022-06-20,VN30,1225.56
1970-01-01 00:00:00.000000264,2022-06-21,VN30,1224.54
1970-01-01 00:00:00.000000265,2022-06-22,VN30,1227.18
1970-01-01 00:00:00.000000266,2022-06-23,VN30,1240.58
1970-01-01 00:00:00.000000267,2022-06-24,VN30,1235.47
1970-01-01 00:00:00.000000268,2022-06-27,VN30,1256.67
1970-01-01 00:00:00.000000269,2022-06-28,VN30,1273.41
1970-01-01 00:00:00.000000270,2022-06-29,VN30,1273.4
1970-01-01 00:00:00.000000271,2022-06-30,VN30,1248.92
1970-01-01 00:00:00.000000272,2022-07-01,VN30,1252.24
1970-01-01 00:00:00.000000273,2022-07-04,VN30,1248.37
1970-01-01 00:00:00.000000274,2022-07-05,VN30,1242.05
1970-01-01 00:00:00.000000275,2022-07-06,VN30,1211.94
1970-01-01 00:00:00.000000276,2022-07-07,VN30,1229.23
1970-01-01 00:00:00.000000277,2022-07-08,VN30,1231.54
1970-01-01 00:00:00.000000278,2022-07-11,VN30,1209.02
1970-01-01 00:00:00.000000279,2022-07-12,VN30,1219.44
1970-01-01 00:00:00.000000280,2022-07-13,VN30,1216.94
1970-01-01 00:00:00.000000281,2022-07-14,VN30,1221.94
1970-01-01 00:00:00.000000282,2022-07-15,VN30,1220.14
1970-01-01 00:00:00.000000283,2022-07-18,VN30,1214.28
1970-01-01 00:00:00.000000284,2022-07-19,VN30,1211.7
1970-01-01 00:00:00.000000285,2022-07-20,VN30,1225.62
1970-01-01 00:00:00.000000286,2022-07-21,VN30,1235.25
1970-01-01 00:00:00.000000287,2022-07-22,VN30,1228.84
1970-01-01 00:00:00.000000288,2022-07-25,VN30,1222.6
1970-01-01 00:00:00.000000289,2022-07-26,VN30,1218.49
1970-01-01 00:00:00.000000290,2022-07-27,VN30,1219.43
1970-01-01 00:00:00.000000291,2022-07-28,VN30,1236.14
1970-01-01 00:00:00.000000292,2022-07-29,VN30,1232.0
1970-01-01 00:00:00.000000293,2022-08-01,VN30,1256.25
1970-01-01 00:00:00.000000294,2022-08-02,VN30,1265.97
1970-01-01 00:00:00.000000295,2022-08-03,VN30,1269.83
1970-01-01 00:00:00.000000296,2022-08-04,VN30,1277.73
1970-01-01 00:00:00.000000297,2022-08-05,VN30,1272.06
1970-01-01 00:00:00.000000298,2022-08-08,VN30,1276.7
1970-01-01 00:00:00.000000299,2022-08-09,VN30,1281.44
1970-01-01 00:00:00.000000300,2022-08-10,VN30,1277.15
1970-01-01 00:00:00.000000301,2022-08-11,VN30,1272.33
1970-01-01 00:00:00.000000302,2022-08-12,VN30,1280.96
1970-01-01 00:00:00.000000303,2022-08-15,VN30,1293.79
1970-01-01 00:00:00.000000304,2022-08-16,VN30,1295.1
1970-01-01 00:00:00.000000305,2022-08-17,VN30,1300.4
1970-01-01 00:00:00.000000306,2022-08-18,VN30,1299.93
1970-01-01 00:00:00.000000307,2022-08-19,VN30,1294.93
1970-01-01 00:00:00.000000308,2022-08-22,VN30,1285.45
1970-01-01 00:00:00.000000309,2022-08-23,VN30,1292.0
1970-01-01 00:00:00.000000310,2022-08-24,VN30,1296.41
1970-01-01 00:00:00.000000311,2022-08-25,VN30,1311.55
1970-01-01 00:00:00.000000312,2022-08-26,VN30,1306.81
1970-01-01 00:00:00.000000313,2022-08-29,VN30,1293.25
1970-01-01 00:00:00.000000314,2022-08-30,VN30,1298.14
1970-01-01 00:00:00.000000315,2022-08-31,VN30,1301.44
1970-01-01 00:00:00.000000316,2022-09-05,VN30,1298.15
1970-01-01 00:00:00.000000317,2022-09-06,VN30,1299.06
1970-01-01 00:00:00.000000318,2022-09-07,VN30,1268.95
1970-01-01 00:00:00.000000319,2022-09-08,VN30,1265.57
1970-01-01 00:00:00.000000320,2022-09-09,VN30,1275.64
1970-01-01 00:00:00.000000321,2022-09-12,VN30,1275.6
1970-01-01 00:00:00.000000322,2022-09-13,VN30,1272.48
1970-01-01 00:00:00.000000323,2022-09-14,VN30,1260.88
1970-01-01 00:00:00.000000324,2022-09-15,VN30,1262.82
1970-01-01 00:00:00.000000325,2022-09-16,VN30,1252.78
1970-01-01 00:00:00.000000326,2022-09-19,VN30,1229.88
1970-01-01 00:00:00.000000327,2022-09-20,VN30,1241.07
1970-01-01 00:00:00.000000328,2022-09-21,VN30,1228.2
1970-01-01 00:00:00.000000329,2022-09-22,VN30,1228.94
1970-01-01 00:00:00.000000330,2022-09-23,VN30,1215.41
1970-01-01 00:00:00.000000331,2022-09-26,VN30,1187.22
1970-01-01 00:00:00.000000332,2022-09-27,VN30,1182.46
1970-01-01 00:00:00.000000333,2022-09-28,VN30,1160.66
1970-01-01 00:00:00.000000334,2022-09-29,VN30,1147.44
1970-01-01 00:00:00.000000335,2022-09-30,VN30,1152.01
1970-01-01 00:00:00.000000336,2022-10-03,VN30,1102.0
1970-01-01 00:00:00.000000337,2022-10-04,VN30,1097.72
1970-01-01 00:00:00.000000338,2022-10-05,VN30,1117.38
1970-01-01 00:00:00.000000339,2022-10-06,VN30,1081.36
1970-01-01 00:00:00.000000340,2022-10-07,VN30,1039.54
1970-01-01 00:00:00.000000341,2022-10-10,VN30,1038.93
1970-01-01 00:00:00.000000342,2022-10-11,VN30,1001.68
1970-01-01 00:00:00.000000343,2022-10-12,VN30,1034.93
1970-01-01 00:00:00.000000344,2022-10-13,VN30,1051.24
1970-01-01 00:00:00.000000345,2022-10-14,VN30,1061.39
1970-01-01 00:00:00.000000346,2022-10-17,VN30,1047.2
1970-01-01 00:00:00.000000347,2022-10-18,VN30,1059.06
1970-01-01 00:00:00.000000348,2022-10-19,VN30,1053.65
1970-01-01 00:00:00.000000349,2022-10-20,VN30,1053.26
1970-01-01 00:00:00.000000350,2022-10-21,VN30,1010.57
1970-01-01 00:00:00.000000351,2022-10-24,VN30,973.88
1970-01-01 00:00:00.000000352,2022-10-25,VN30,991.52
1970-01-01 00:00:00.000000353,2022-10-26,VN30,990.41
1970-01-01 00:00:00.000000354,2022-10-27,VN30,1028.5
1970-01-01 00:00:00.000000355,2022-10-28,VN30,1029.49
1970-01-01 00:00:00.000000356,2022-10-31,VN30,1026.84
1970-01-01 00:00:00.000000357,2022-11-01,VN30,1038.09
1970-01-01 00:00:00.000000358,2022-11-02,VN30,1025.18
1970-01-01 00:00:00.000000359,2022-11-03,VN30,1023.8
1970-01-01 00:00:00.000000360,2022-11-04,VN30,997.92
1970-01-01 00:00:00.000000361,2022-11-07,VN30,972.85
1970-01-01 00:00:00.000000362,2022-11-08,VN30,980.09
1970-01-01 00:00:00.000000363,2022-11-09,VN30,979.68
1970-01-01 00:00:00.000000364,2022-11-10,VN30,936.8
1970-01-01 00:00:00.000000365,2022-11-11,VN30,948.86
1970-01-01 00:00:00.000000366,2022-11-14,VN30,936.31
1970-01-01 00:00:00.000000367,2022-11-15,VN30,904.77
1970-01-01 00:00:00.000000368,2022-11-16,VN30,940.29
1970-01-01 00:00:00.000000369,2022-11-17,VN30,971.04
1970-01-01 00:00:00.000000370,2022-11-18,VN30,971.2
1970-01-01 00:00:00.000000371,2022-11-21,VN30,956.89
1970-01-01 00:00:00.000000372,2022-11-22,VN30,945.54
1970-01-01 00:00:00.000000373,2022-11-23,VN30,938.73
1970-01-01 00:00:00.000000374,2022-11-24,VN30,940.76
1970-01-01 00:00:00.000000375,2022-11-25,VN30,967.49
1970-01-01 00:00:00.000000376,2022-11-28,VN30,1004.34
1970-01-01 00:00:00.000000377,2022-11-29,VN30,1029.04
1970-01-01 00:00:00.000000378,2022-11-30,VN30,1049.21
1970-01-01 00:00:00.000000379,2022-12-01,VN30,1042.65
1970-01-01 00:00:00.000000380,2022-12-02,VN30,1092.99
1970-01-01 00:00:00.000000381,2022-12-05,VN30,1110.94
1970-01-01 00:00:00.000000382,2022-12-06,VN30,1054.06
1970-01-01 00:00:00.000000383,2022-12-07,VN30,1047.58
1970-01-01 00:00:00.000000384,2022-12-08,VN30,1062.73
1970-01-01 00:00:00.000000385,2022-12-09,VN30,1065.08
1970-01-01 00:00:00.000000386,2022-12-12,VN30,1037.42
1970-01-01 00:00:00.000000387,2022-12-13,VN30,1056.43
1970-01-01 00:00:00.000000388,2022-12-14,VN30,1056.17
1970-01-01 00:00:00.000000389,2022-12-15,VN30,1068.08
1970-01-01 00:00:00.000000390,2022-12-16,VN30,1064.07
1970-01-01 00:00:00.000000391,2022-12-19,VN30,1050.22
1970-01-01 00:00:00.000000392,2022-12-20,VN30,1029.79
1970-01-01 00:00:00.000000393,2022-12-21,VN30,1033.1
1970-01-01 00:00:00.000000394,2022-12-22,VN30,1038.34
1970-01-01 00:00:00.000000395,2022-12-23,VN30,1034.13
1970-01-01 00:00:00.000000396,2022-12-26,VN30,987.77
1970-01-01 00:00:00.000000397,2022-12-27,VN30,1007.36
1970-01-01 00:00:00.000000398,2022-12-28,VN30,1013.95
1970-01-01 00:00:00.000000399,2022-12-29,VN30,1008.3
1970-01-01 00:00:00.000000400,2022-12-30,VN30,1005.19
1970-01-01 00:00:00.000000401,2023-01-03,VN30,1047.25
1970-01-01 00:00:00.000000402,2023-01-04,VN30,1050.15
1970-01-01 00:00:00.000000403,2023-01-05,VN30,1061.9
1970-01-01 00:00:00.000000404,2023-01-06,VN30,1057.4
1970-01-01 00:00:00.000000405,2023-01-09,VN30,1061.14
1970-01-01 00:00:00.000000406,2023-01-10,VN30,1060.53
1970-01-01 00:00:00.000000407,2023-01-11,VN30,1065.22
1970-01-01 00:00:00.000000408,2023-01-12,VN30,1066.24
1970-01-01 00:00:00.000000409,2023-01-13,VN30,1069.86
1970-01-01 00:00:00.000000410,2023-01-16,VN30,1075.71
1970-01-01 00:00:00.000000411,2023-01-17,VN30,1103.73
1970-01-01 00:00:00.000000412,2023-01-18,VN30,1115.72
1970-01-01 00:00:00.000000413,2023-01-19,VN30,1121.92
1970-01-01 00:00:00.000000414,2023-01-27,VN30,1130.65
1970-01-01 00:00:00.000000415,2023-01-30,VN30,1113.95
1970-01-01 00:00:00.000000416,2023-01-31,VN30,1125.07
1970-01-01 00:00:00.000000417,2023-02-01,VN30,1088.09
1970-01-01 00:00:00.000000418,2023-02-02,VN30,1093.48
1970-01-01 00:00:00.000000419,2023-02-03,VN30,1085.7
1970-01-01 00:00:00.000000420,2023-02-06,VN30,1094.37
1970-01-01 00:00:00.000000421,2023-02-07,VN30,1069.5
1970-01-01 00:00:00.000000422,2023-02-08,VN30,1073.38
1970-01-01 00:00:00.000000423,2023-02-09,VN30,1059.91
1970-01-01 00:00:00.000000424,2023-02-10,VN30,1048.74
1970-01-01 00:00:00.000000425,2023-02-13,VN30,1040.4
1970-01-01 00:00:00.000000426,2023-02-14,VN30,1034.93
1970-01-01 00:00:00.000000427,2023-02-15,VN30,1043.34
1970-01-01 00:00:00.000000428,2023-02-16,VN30,1055.26
1970-01-01 00:00:00.000000429,2023-02-17,VN30,1053.72
1970-01-01 00:00:00.000000430,2023-02-20,VN30,1087.36
1970-01-01 00:00:00.000000431,2023-02-21,VN30,1080.9
1970-01-01 00:00:00.000000432,2023-02-22,VN30,1051.08
1970-01-01 00:00:00.000000433,2023-02-23,VN30,1050.95
1970-01-01 00:00:00.000000434,2023-02-24,VN30,1030.42
1970-01-01 00:00:00.000000435,2023-02-27,VN30,1011.46
1970-01-01 00:00:00.000000436,2023-02-28,VN30,1014.96
1970-01-01 00:00:00.000000437,2023-03-01,VN30,1034.43
1970-01-01 00:00:00.000000438,2023-03-02,VN30,1028.73
1970-01-01 00:00:00.000000439,2023-03-03,VN30,1013.35
1970-01-01 00:00:00.000000440,2023-03-06,VN30,1014.26
1970-01-01 00:00:00.000000441,2023-03-07,VN30,1027.16
1970-01-01 00:00:00.000000442,2023-03-08,VN30,1040.59
1970-01-01 00:00:00.000000443,2023-03-09,VN30,1050.28
1970-01-01 00:00:00.000000444,2023-03-10,VN30,1047.2
1970-01-01 00:00:00.000000445,2023-03-13,VN30,1050.07
1970-01-01 00:00:00.000000446,2023-03-14,VN30,1037.35
1970-01-01 00:00:00.000000447,2023-03-15,VN30,1064.38
1970-01-01 00:00:00.000000448,2023-03-16,VN30,1046.99
1970-01-01 00:00:00.000000449,2023-03-17,VN30,1047.71
1970-01-01 00:00:00.000000450,2023-03-20,VN30,1024.5
1970-01-01 00:00:00.000000451,2023-03-21,VN30,1035.04
1970-01-01 00:00:00.000000452,2023-03-22,VN30,1043.14
1970-01-01 00:00:00.000000453,2023-03-23,VN30,1046.6
1970-01-01 00:00:00.000000454,2023-03-24,VN30,1051.42
1970-01-01 00:00:00.000000455,2023-03-27,VN30,1056.45
1970-01-01 00:00:00.000000456,2023-03-28,VN30,1058.82
1970-01-01 00:00:00.000000457,2023-03-29,VN30,1061.45
1970-01-01 00:00:00.000000458,2023-03-30,VN30,1067.24
1970-01-01 00:00:00.000000459,2023-03-31,VN30,1073.68
1970-01-01 00:00:00.000000460,2023-04-03,VN30,1088.72
1970-01-01 00:00:00.000000461,2023-04-04,VN30,1088.34
1970-01-01 00:00:00.000000462,2023-04-05,VN30,1089.83
1970-01-01 00:00:00.000000463,2023-04-06,VN30,1078.86
1970-01-01 00:00:00.000000464,2023-04-07,VN30,1078.88
1970-01-01 00:00:00.000000465,2023-04-10,VN30,1077.41
1970-01-01 00:00:00.000000466,2023-04-11,VN30,1081.71
1970-01-01 00:00:00.000000467,2023-04-12,VN30,1080.69
1970-01-01 00:00:00.000000468,2023-04-13,VN30,1074.67
1970-01-01 00:00:00.000000469,2023-04-14,VN30,1063.43
1970-01-01 00:00:00.000000470,2023-04-17,VN30,1065.02
1970-01-01 00:00:00.000000471,2023-04-18,VN30,1064.55
1970-01-01 00:00:00.000000472,2023-04-19,VN30,1056.14
1970-01-01 00:00:00.000000473,2023-04-20,VN30,1053.61
1970-01-01 00:00:00.000000474,2023-04-21,VN30,1046.18
1970-01-01 00:00:00.000000475,2023-04-24,VN30,1046.17
1970-01-01 00:00:00.000000476,2023-04-25,VN30,1037.04
1970-01-01 00:00:00.000000477,2023-04-26,VN30,1045.24
1970-01-01 00:00:00.000000478,2023-04-27,VN30,1041.54
1970-01-01 00:00:00.000000479,2023-04-28,VN30,1051.43
1970-01-01 00:00:00.000000480,2023-05-04,VN30,1039.64
1970-01-01 00:00:00.000000481,2023-05-05,VN30,1038.46
1970-01-01 00:00:00.000000482,2023-05-08,VN30,1049.72
1970-01-01 00:00:00.000000483,2023-05-09,VN30,1049.67
1970-01-01 00:00:00.000000484,2023-05-10,VN30,1054.99
1970-01-01 00:00:00.000000485,2023-05-11,VN30,1054.93
1970-01-01 00:00:00.000000486,2023-05-12,VN30,1066.44
1970-01-01 00:00:00.000000487,2023-05-15,VN30,1070.9
1970-01-01 00:00:00.000000488,2023-05-16,VN30,1069.64
1970-01-01 00:00:00.000000489,2023-05-17,VN30,1062.1
1970-01-01 00:00:00.000000490,2023-05-18,VN30,1070.76
1970-01-01 00:00:00.000000491,2023-05-19,VN30,1068.84
1970-01-01 00:00:00.000000492,2023-05-22,VN30,1073.74
1970-01-01 00:00:00.000000493,2023-05-23,VN30,1068.05
1970-01-01 00:00:00.000000494,2023-05-24,VN30,1061.55
1970-01-01 00:00:00.000000495,2023-05-25,VN30,1062.15
1970-01-01 00:00:00.000000496,2023-05-26,VN30,1060.81
1970-01-01 00:00:00.000000497,2023-05-29,VN30,1069.77
1970-01-01 00:00:00.000000498,2023-05-30,VN30,1071.82
1970-01-01 00:00:00.000000499,2023-05-31,VN30,1066.33
1970-01-01 00:00:00.000000500,2023-06-01,VN30,1068.09
1970-01-01 00:00:00.000000501,2023-06-02,VN30,1086.96
1970-01-01 00:00:00.000000502,2023-06-05,VN30,1091.08
1970-01-01 00:00:00.000000503,2023-06-06,VN30,1102.32
1970-01-01 00:00:00.000000504,2023-06-07,VN30,1105.68
1970-01-01 00:00:00.000000505,2023-06-08,VN30,1092.46
1970-01-01 00:00:00.000000506,2023-06-09,VN30,1100.85
1970-01-01 00:00:00.000000507,2023-06-12,VN30,1109.63
1970-01-01 00:00:00.000000508,2023-06-13,VN30,1115.39
1970-01-01 00:00:00.000000509,2023-06-14,VN30,1110.6
1970-01-01 00:00:00.000000510,2023-06-15,VN30,1108.57
1970-01-01 00:00:00.000000511,2023-06-16,VN30,1109.06
1970-01-01 00:00:00.000000512,2023-06-19,VN30,1098.94
1970-01-01 00:00:00.000000513,2023-06-20,VN30,1104.27
1970-01-01 00:00:00.000000514,2023-06-21,VN30,1112.07
1970-01-01 00:00:00.000000515,2023-06-22,VN30,1117.6
1970-01-01 00:00:00.000000516,2023-06-23,VN30,1126.76
1970-01-01 00:00:00.000000517,2023-06-26,VN30,1131.23
1970-01-01 00:00:00.000000518,2023-06-27,VN30,1134.41
1970-01-01 00:00:00.000000519,2023-06-28,VN30,1141.12
1970-01-01 00:00:00.000000520,2023-06-29,VN30,1125.29
1970-01-01 00:00:00.000000521,2023-06-30,VN30,1123.13
1970-01-01 00:00:00.000000522,2023-07-03,VN30,1123.37
1970-01-01 00:00:00.000000523,2023-07-04,VN30,1128.0
1970-01-01 00:00:00.000000524,2023-07-05,VN30,1129.76
1970-01-01 00:00:00.000000525,2023-07-06,VN30,1119.44
1970-01-01 00:00:00.000000526,2023-07-07,VN30,1129.43
1970-01-01 00:00:00.000000527,2023-07-10,VN30,1143.16
1970-01-01 00:00:00.000000528,2023-07-11,VN30,1146.67
1970-01-01 00:00:00.000000529,2023-07-12,VN30,1146.54
1970-01-01 00:00:00.000000530,2023-07-13,VN30,1156.11
1970-01-01 00:00:00.000000531,2023-07-14,VN30,1160.59
1970-01-01 00:00:00.000000532,2023-07-17,VN30,1164.58
1970-01-01 00:00:00.000000533,2023-07-18,VN30,1166.82
1970-01-01 00:00:00.000000534,2023-07-19,VN30,1165.19
1970-01-01 00:00:00.000000535,2023-07-20,VN30,1168.26
1970-01-01 00:00:00.000000536,2023-07-21,VN30,1186.6
1970-01-01 00:00:00.000000537,2023-07-24,VN30,1193.14
1970-01-01 00:00:00.000000538,2023-07-25,VN30,1198.01
1970-01-01 00:00:00.000000539,2023-07-26,VN30,1201.43
1970-01-01 00:00:00.000000540,2023-07-27,VN30,1199.68
1970-01-01 00:00:00.000000541,2023-07-28,VN30,1212.45
1970-01-01 00:00:00.000000542,2023-07-31,VN30,1230.81
1970-01-01 00:00:00.000000543,2023-08-01,VN30,1222.18
1970-01-01 00:00:00.000000544,2023-08-02,VN30,1221.32
1970-01-01 00:00:00.000000545,2023-08-03,VN30,1210.8
1970-01-01 00:00:00.000000546,2023-08-04,VN30,1231.42
1970-01-01 00:00:00.000000547,2023-08-07,VN30,1250.68
1970-01-01 00:00:00.000000548,2023-08-08,VN30,1247.81
1970-01-01 00:00:00.000000549,2023-08-09,VN30,1239.84
1970-01-01 00:00:00.000000550,2023-08-10,VN30,1226.2
1970-01-01 00:00:00.000000551,2023-08-11,VN30,1240.77
1970-01-01 00:00:00.000000552,2023-08-14,VN30,1243.43
1970-01-01 00:00:00.000000553,2023-08-15,VN30,1241.24
1970-01-01 00:00:00.000000554,2023-08-16,VN30,1256.95
1970-01-01 00:00:00.000000555,2023-08-17,VN30,1247.82
1970-01-01 00:00:00.000000556,2023-08-18,VN30,1190.1
1970-01-01 00:00:00.000000557,2023-08-21,VN30,1190.32
1970-01-01 00:00:00.000000558,2023-08-22,VN30,1193.51
1970-01-01 00:00:00.000000559,2023-08-23,VN30,1182.97
1970-01-01 00:00:00.000000560,2023-08-24,VN30,1201.88
1970-01-01 00:00:00.000000561,2023-08-25,VN30,1193.93
1970-01-01 00:00:00.000000562,2023-08-28,VN30,1213.4
1970-01-01 00:00:00.000000563,2023-08-29,VN30,1215.47
1970-01-01 00:00:00.000000564,2023-08-30,VN30,1225.56
1970-01-01 00:00:00.000000565,2023-08-31,VN30,1234.53
1970-01-01 00:00:00.000000566,2023-09-05,VN30,1244.64
1970-01-01 00:00:00.000000567,2023-09-06,VN30,1260.03
1970-01-01 00:00:00.000000568,2023-09-07,VN30,1255.22
1970-01-01 00:00:00.000000569,2023-09-08,VN30,1249.14
1970-01-01 00:00:00.000000570,2023-09-11,VN30,1230.71
1970-01-01 00:00:00.000000571,2023-09-12,VN30,1255.83
1970-01-01 00:00:00.000000572,2023-09-13,VN30,1247.95
1970-01-01 00:00:00.000000573,2023-09-14,VN30,1234.06
1970-01-01 00:00:00.000000574,2023-09-15,VN30,1238.81
1970-01-01 00:00:00.000000575,2023-09-18,VN30,1223.7
1970-01-01 00:00:00.000000576,2023-09-19,VN30,1225.5
1970-01-01 00:00:00.000000577,2023-09-20,VN30,1234.57
1970-01-01 00:00:00.000000578,2023-09-21,VN30,1219.19
1970-01-01 00:00:00.000000579,2023-09-22,VN30,1197.69
1970-01-01 00:00:00.000000580,2023-09-25,VN30,1159.94
1970-01-01 00:00:00.000000581,2023-09-26,VN30,1153.37
1970-01-01 00:00:00.000000582,2023-09-27,VN30,1168.6
1970-01-01 00:00:00.000000583,2023-09-28,VN30,1164.45
1970-01-01 00:00:00.000000584,2023-09-29,VN30,1166.26
1970-01-01 00:00:00.000000585,2023-10-02,VN30,1167.13
1970-01-01 00:00:00.000000586,2023-10-03,VN30,1130.89
1970-01-01 00:00:00.000000587,2023-10-04,VN30,1138.54
1970-01-01 00:00:00.000000588,2023-10-05,VN30,1124.48
1970-01-01 00:00:00.000000589,2023-10-06,VN30,1139.78
1970-01-01 00:00:00.000000590,2023-10-09,VN30,1150.37
1970-01-01 00:00:00.000000591,2023-10-10,VN30,1160.28
1970-01-01 00:00:00.000000592,2023-10-11,VN30,1167.29
1970-01-01 00:00:00.000000593,2023-10-12,VN30,1165.49
1970-01-01 00:00:00.000000594,2023-10-13,VN30,1166.66
1970-01-01 00:00:00.000000595,2023-10-16,VN30,1153.21
1970-01-01 00:00:00.000000596,2023-10-17,VN30,1141.03
1970-01-01 00:00:00.000000597,2023-10-18,VN30,1125.56
1970-01-01 00:00:00.000000598,2023-10-19,VN30,1104.89
1970-01-01 00:00:00.000000599,2023-10-20,VN30,1123.69
1970-01-01 00:00:00.000000600,2023-10-23,VN30,1106.85
1970-01-01 00:00:00.000000601,2023-10-24,VN30,1117.12
1970-01-01 00:00:00.000000602,2023-10-25,VN30,1113.32
1970-01-01 00:00:00.000000603,2023-10-26,VN30,1064.95
1970-01-01 00:00:00.000000604,2023-10-27,VN30,1067.57
1970-01-01 00:00:00.000000605,2023-10-30,VN30,1047.63
1970-01-01 00:00:00.000000606,2023-10-31,VN30,1039.38
1970-01-01 00:00:00.000000607,2023-11-01,VN30,1051.65
1970-01-01 00:00:00.000000608,2023-11-02,VN30,1087.5
1970-01-01 00:00:00.000000609,2023-11-03,VN30,1086.19
1970-01-01 00:00:00.000000610,2023-11-06,VN30,1103.52
1970-01-01 00:00:00.000000611,2023-11-07,VN30,1092.71
1970-01-01 00:00:00.000000612,2023-11-08,VN30,1129.95
1970-01-01 00:00:00.000000613,2023-11-09,VN30,1122.95
1970-01-01 00:00:00.000000614,2023-11-10,VN30,1109.05
1970-01-01 00:00:00.000000615,2023-11-13,VN30,1106.72
1970-01-01 00:00:00.000000616,2023-11-14,VN30,1119.28
1970-01-01 00:00:00.000000617,2023-11-15,VN30,1131.9
1970-01-01 00:00:00.000000618,2023-11-16,VN30,1132.6
1970-01-01 00:00:00.000000619,2023-11-17,VN30,1103.53
1970-01-01 00:00:00.000000620,2023-11-20,VN30,1102.85
1970-01-01 00:00:00.000000621,2023-11-21,VN30,1108.6
1970-01-01 00:00:00.000000622,2023-11-22,VN30,1109.8
1970-01-01 00:00:00.000000623,2023-11-23,VN30,1082.68
1970-01-01 00:00:00.000000624,2023-11-24,VN30,1087.34
1970-01-01 00:00:00.000000625,2023-11-27,VN30,1078.42
1970-01-01 00:00:00.000000626,2023-11-28,VN30,1088.51
1970-01-01 00:00:00.000000627,2023-11-29,VN30,1093.16
1970-01-01 00:00:00.000000628,2023-11-30,VN30,1081.7
1970-01-01 00:00:00.000000629,2023-12-01,VN30,1090.39
1970-01-01 00:00:00.000000630,2023-12-04,VN30,1107.16
1970-01-01 00:00:00.000000631,2023-12-05,VN30,1100.42
1970-01-01 00:00:00.000000632,2023-12-06,VN30,1109.27
1970-01-01 00:00:00.000000633,2023-12-07,VN30,1111.35
1970-01-01 00:00:00.000000634,2023-12-08,VN30,1114.89
1970-01-01 00:00:00.000000635,2023-12-11,VN30,1117.34
1970-01-01 00:00:00.000000636,2023-12-12,VN30,1121.21
1970-01-01 00:00:00.000000637,2023-12-13,VN30,1106.83
1970-01-01 00:00:00.000000638,2023-12-14,VN30,1104.49
1970-01-01 00:00:00.000000639,2023-12-15,VN30,1097.4
1970-01-01 00:00:00.000000640,2023-12-18,VN30,1084.67
1970-01-01 00:00:00.000000641,2023-12-19,VN30,1091.87
1970-01-01 00:00:00.000000642,2023-12-20,VN30,1097.01
1970-01-01 00:00:00.000000643,2023-12-21,VN30,1097.43
1970-01-01 00:00:00.000000644,2023-12-22,VN30,1097.45
1970-01-01 00:00:00.000000645,2023-12-25,VN30,1111.86
1970-01-01 00:00:00.000000646,2023-12-26,VN30,1115.52
1970-01-01 00:00:00.000000647,2023-12-27,VN30,1115.94
1970-01-01 00:00:00.000000648,2023-12-28,VN30,1128.51
1970-01-01 00:00:00.000000649,2023-12-29,VN30,1131.46
1970-01-01 00:00:00.000000650,2024-01-02,VN30,1131.64
1970-01-01 00:00:00.000000651,2024-01-03,VN30,1144.85
1970-01-01 00:00:00.000000652,2024-01-04,VN30,1156.37
1970-01-01 00:00:00.000000653,2024-01-05,VN30,1161.14
1970-01-01 00:00:00.000000654,2024-01-08,VN30,1163.52
1970-01-01 00:00:00.000000655,2024-01-09,VN30,1160.21
1970-01-01 00:00:00.000000656,2024-01-10,VN30,1162.68
1970-01-01 00:00:00.000000657,2024-01-11,VN30,1163.56
1970-01-01 00:00:00.000000658,2024-01-12,VN30,1163.66
1970-01-01 00:00:00.000000659,2024-01-15,VN30,1161.3
1970-01-01 00:00:00.000000660,2024-01-16,VN30,1170.19
1970-01-01 00:00:00.000000661,2024-01-17,VN30,1166.61
1970-01-01 00:00:00.000000662,2024-01-18,VN30,1173.91
1970-01-01 00:00:00.000000663,2024-01-19,VN30,1185.23
1970-01-01 00:00:00.000000664,2024-01-22,VN30,1189.56
1970-01-01 00:00:00.000000665,2024-01-23,VN30,1183.85
1970-01-01 00:00:00.000000666,2024-01-24,VN30,1179.45
1970-01-01 00:00:00.000000667,2024-01-25,VN30,1177.52
1970-01-01 00:00:00.000000668,2024-01-26,VN30,1182.82
1970-01-01 00:00:00.000000669,2024-01-29,VN30,1179.17
1970-01-01 00:00:00.000000670,2024-01-30,VN30,1181.71
1970-01-01 00:00:00.000000671,2024-01-31,VN30,1166.33
1970-01-01 00:00:00.000000672,2024-02-01,VN30,1173.35
1970-01-01 00:00:00.000000673,2024-02-02,VN30,1174.76
1970-01-01 00:00:00.000000674,2024-02-05,VN30,1197.36
1970-01-01 00:00:00.000000675,2024-02-06,VN30,1199.17
1970-01-01 00:00:00.000000676,2024-02-07,VN30,1212.7
1970-01-01 00:00:00.000000677,2024-02-15,VN30,1217.12
1970-01-01 00:00:00.000000678,2024-02-16,VN30,1224.54
1970-01-01 00:00:00.000000679,2024-02-19,VN30,1240.2
1970-01-01 00:00:00.000000680,2024-02-20,VN30,1241.65
1970-01-01 00:00:00.000000681,2024-02-21,VN30,1242.08
1970-01-01 00:00:00.000000682,2024-02-22,VN30,1239.9
1970-01-01 00:00:00.000000683,2024-02-23,VN30,1223.09
1970-01-01 00:00:00.000000684,2024-02-26,VN30,1233.31
1970-01-01 00:00:00.000000685,2024-02-27,VN30,1247.91
1970-01-01 00:00:00.000000686,2024-02-28,VN30,1265.35
1970-01-01 00:00:00.000000687,2024-02-29,VN30,1265.75
1970-01-01 00:00:00.000000688,2024-03-01,VN30,1267.07
1970-01-01 00:00:00.000000689,2024-03-04,VN30,1268.53
1970-01-01 00:00:00.000000690,2024-03-05,VN30,1280.17
1970-01-01 00:00:00.000000691,2024-03-06,VN30,1271.07
1970-01-01 00:00:00.000000692,2024-03-07,VN30,1276.56
1970-01-01 00:00:00.000000693,2024-03-08,VN30,1250.2
1970-01-01 00:00:00.000000694,2024-03-11,VN30,1235.12
1970-01-01 00:00:00.000000695,2024-03-12,VN30,1242.23
1970-01-01 00:00:00.000000696,2024-03-13,VN30,1272.28
1970-01-01 00:00:00.000000697,2024-03-14,VN30,1260.32
1970-01-01 00:00:00.000000698,2024-03-15,VN30,1256.42
1970-01-01 00:00:00.000000699,2024-03-18,VN30,1235.74
1970-01-01 00:00:00.000000700,2024-03-19,VN30,1234.74
1970-01-01 00:00:00.000000701,2024-03-20,VN30,1259.06
1970-01-01 00:00:00.000000702,2024-03-21,VN30,1281.57
1970-01-01 00:00:00.000000703,2024-03-22,VN30,1284.14
1970-01-01 00:00:00.000000704,2024-03-25,VN30,1270.0
1970-01-01 00:00:00.000000705,2024-03-26,VN30,1286.23
1970-01-01 00:00:00.000000706,2024-03-27,VN30,1288.77
1970-01-01 00:00:00.000000707,2024-03-28,VN30,1303.2
1970-01-01 00:00:00.000000708,2024-03-29,VN30,1296.9
1970-01-01 00:00:00.000000709,2024-04-01,VN30,1292.62
1970-01-01 00:00:00.000000710,2024-04-02,VN30,1292.3
1970-01-01 00:00:00.000000711,2024-04-03,VN30,1274.27
1970-01-01 00:00:00.000000712,2024-04-04,VN30,1267.65
1970-01-01 00:00:00.000000713,2024-04-05,VN30,1257.78
1970-01-01 00:00:00.000000714,2024-04-08,VN30,1254.72
1970-01-01 00:00:00.000000715,2024-04-09,VN30,1266.92
1970-01-01 00:00:00.000000716,2024-04-10,VN30,1263.82
1970-01-01 00:00:00.000000717,2024-04-11,VN30,1262.86
1970-01-01 00:00:00.000000718,2024-04-12,VN30,1284.74
1970-01-01 00:00:00.000000719,2024-04-15,VN30,1227.9
1970-01-01 00:00:00.000000720,2024-04-16,VN30,1232.7
1970-01-01 00:00:00.000000721,2024-04-17,VN30,1210.74
1970-01-01 00:00:00.000000722,2024-04-19,VN30,1194.03
1970-01-01 00:00:00.000000723,2024-04-22,VN30,1206.64
1970-01-01 00:00:00.000000724,2024-04-23,VN30,1200.37
1970-01-01 00:00:00.000000725,2024-04-24,VN30,1232.17
1970-01-01 00:00:00.000000726,2024-04-25,VN30,1233.72
1970-01-01 00:00:00.000000727,2024-04-26,VN30,1240.5
1970-01-01 00:00:00.000000728,2024-05-02,VN30,1247.21
1970-01-01 00:00:00.000000729,2024-05-03,VN30,1255.62
1970-01-01 00:00:00.000000730,2024-05-06,VN30,1274.62
1970-01-01 00:00:00.000000731,2024-05-07,VN30,1284.85
1970-01-01 00:00:00.000000732,2024-05-08,VN30,1284.85
1970-01-01 00:00:00.000000733,2024-05-09,VN30,1281.47
1970-01-01 00:00:00.000000734,2024-05-10,VN30,1277.47
1970-01-01 00:00:00.000000735,2024-05-13,VN30,1272.53
1970-01-01 00:00:00.000000736,2024-05-14,VN30,1277.31
1970-01-01 00:00:00.000000737,2024-05-15,VN30,1289.97
1970-01-01 00:00:00.000000738,2024-05-16,VN30,1308.27
1970-01-01 00:00:00.000000739,2024-05-17,VN30,1310.15
1970-01-01 00:00:00.000000740,2024-05-20,VN30,1312.55
1970-01-01 00:00:00.000000741,2024-05-21,VN30,1308.62
1970-01-01 00:00:00.000000742,2024-05-22,VN30,1291.46
1970-01-01 00:00:00.000000743,2024-05-23,VN30,1304.76
1970-01-01 00:00:00.000000744,2024-05-24,VN30,1283.46
1970-01-01 00:00:00.000000745,2024-05-27,VN30,1284.88
1970-01-01 00:00:00.000000746,2024-05-28,VN30,1299.75
1970-01-01 00:00:00.000000747,2024-05-29,VN30,1284.02
1970-01-01 00:00:00.000000748,2024-05-30,VN30,1279.29
1970-01-01 00:00:00.000000749,2024-05-31,VN30,1275.97
1970-01-01 00:00:00.000000750,2024-06-03,VN30,1297.78
1970-01-01 00:00:00.000000751,2024-06-04,VN30,1300.99
1970-01-01 00:00:00.000000752,2024-06-05,VN30,1299.66
1970-01-01 00:00:00.000000753,2024-06-06,VN30,1302.28
1970-01-01 00:00:00.000000754,2024-06-07,VN30,1308.03
1970-01-01 00:00:00.000000755,2024-06-10,VN30,1311.1
1970-01-01 00:00:00.000000756,2024-06-11,VN30,1308.3
1970-01-01 00:00:00.000000757,2024-06-12,VN30,1331.81
1970-01-01 00:00:00.000000758,2024-06-13,VN30,1333.85
1970-01-01 00:00:00.000000759,2024-06-14,VN30,1316.46
1970-01-01 00:00:00.000000760,2024-06-17,VN30,1309.7
1970-01-01 00:00:00.000000761,2024-06-18,VN30,1309.89
1970-01-01 00:00:00.000000762,2024-06-19,VN30,1314.22
1970-01-01 00:00:00.000000763,2024-06-20,VN30,1322.36
1970-01-01 00:00:00.000000764,2024-06-21,VN30,1319.93
1970-01-01 00:00:00.000000765,2024-06-24,VN30,1289.85
1970-01-01 00:00:00.000000766,2024-06-25,VN30,1288.8
1970-01-01 00:00:00.000000767,2024-06-26,VN30,1291.3
1970-01-01 00:00:00.000000768,2024-06-27,VN30,1289.03
1970-01-01 00:00:00.000000769,2024-06-28,VN30,1278.32
1970-01-01 00:00:00.000000770,2024-07-01,VN30,1285.48
1970-01-01 00:00:00.000000771,2024-07-02,VN30,1296.06
1970-01-01 00:00:00.000000772,2024-07-03,VN30,1305.5
1970-01-01 00:00:00.000000773,2024-07-04,VN30,1310.63
1970-01-01 00:00:00.000000774,2024-07-05,VN30,1316.18
1970-01-01 00:00:00.000000775,2024-07-08,VN30,1315.83
1970-01-01 00:00:00.000000776,2024-07-09,VN30,1321.78
1970-01-01 00:00:00.000000777,2024-07-10,VN30,1310.91
1970-01-01 00:00:00.000000778,2024-07-11,VN30,1306.22
1970-01-01 00:00:00.000000779,2024-07-12,VN30,1301.81
1970-01-01 00:00:00.000000780,2024-07-15,VN30,1297.82
1970-01-01 00:00:00.000000781,2024-07-16,VN30,1303.3
1970-01-01 00:00:00.000000782,2024-07-17,VN30,1305.37
1970-01-01 00:00:00.000000783,2024-07-18,VN30,1306.38
1970-01-01 00:00:00.000000784,2024-07-19,VN30,1302.32
1970-01-01 00:00:00.000000785,2024-07-22,VN30,1299.31
1970-01-01 00:00:00.000000786,2024-07-23,VN30,1278.67
1970-01-01 00:00:00.000000787,2024-07-24,VN30,1280.51
1970-01-01 00:00:00.000000788,2024-07-25,VN30,1272.18
1970-01-01 00:00:00.000000789,2024-07-26,VN30,1281.84
1970-01-01 00:00:00.000000790,2024-07-29,VN30,1285.73
1970-01-01 00:00:00.000000791,2024-07-30,VN30,1287.82
1970-01-01 00:00:00.000000792,2024-07-31,VN30,1299.09
1970-01-01 00:00:00.000000793,2024-08-01,VN30,1272.0
1970-01-01 00:00:00.000000794,2024-08-02,VN30,1281.01
1970-01-01 00:00:00.000000795,2024-08-05,VN30,1232.11
1970-01-01 00:00:00.000000796,2024-08-06,VN30,1252.81
1970-01-01 00:00:00.000000797,2024-08-07,VN30,1253.58
1970-01-01 00:00:00.000000798,2024-08-08,VN30,1243.31
1970-01-01 00:00:00.000000799,2024-08-09,VN30,1264.84
1970-01-01 00:00:00.000000800,2024-08-12,VN30,1271.44
1970-01-01 00:00:00.000000801,2024-08-13,VN30,1268.72
1970-01-01 00:00:00.000000802,2024-08-14,VN30,1270.38
1970-01-01 00:00:00.000000803,2024-08-15,VN30,1265.32
1970-01-01 00:00:00.000000804,2024-08-16,VN30,1291.68
1970-01-01 00:00:00.000000805,2024-08-19,VN30,1299.04
1970-01-01 00:00:00.000000806,2024-08-20,VN30,1305.25
1970-01-01 00:00:00.000000807,2024-08-21,VN30,1317.69
1970-01-01 00:00:00.000000808,2024-08-22,VN30,1318.57
1970-01-01 00:00:00.000000809,2024-08-23,VN30,1321.15
1970-01-01 00:00:00.000000810,2024-08-26,VN30,1318.6
1970-01-01 00:00:00.000000811,2024-08-27,VN30,1322.28
1970-01-01 00:00:00.000000812,2024-08-28,VN30,1323.54
1970-01-01 00:00:00.000000813,2024-08-29,VN30,1326.67
1970-01-01 00:00:00.000000814,2024-08-30,VN30,1331.52
1970-01-01 00:00:00.000000815,2024-09-04,VN30,1317.71
1970-01-01 00:00:00.000000816,2024-09-05,VN30,1309.05
1970-01-01 00:00:00.000000817,2024-09-06,VN30,1315.39
1970-01-01 00:00:00.000000818,2024-09-09,VN30,1307.15
1970-01-01 00:00:00.000000819,2024-09-10,VN30,1294.06
1970-01-01 00:00:00.000000820,2024-09-11,VN30,1293.88
1970-01-01 00:00:00.000000821,2024-09-12,VN30,1297.61
1970-01-01 00:00:00.000000822,2024-09-13,VN30,1294.3
1970-01-01 00:00:00.000000823,2024-09-16,VN30,1281.37
1970-01-01 00:00:00.000000824,2024-09-17,VN30,1303.65
1970-01-01 00:00:00.000000825,2024-09-18,VN30,1310.94
1970-01-01 00:00:00.000000826,2024-09-19,VN30,1318.41
1970-01-01 00:00:00.000000827,2024-09-20,VN30,1326.0
1970-01-01 00:00:00.000000828,2024-09-23,VN30,1321.12
1970-01-01 00:00:00.000000829,2024-09-24,VN30,1330.87
1970-01-01 00:00:00.000000830,2024-09-25,VN30,1344.07
1970-01-01 00:00:00.000000831,2024-09-26,VN30,1350.85
1970-01-01 00:00:00.000000832,2024-09-27,VN30,1352.57
1970-01-01 00:00:00.000000833,2024-09-30,VN30,1352.56
1970-01-01 00:00:00.000000834,2024-10-01,VN30,1358.88
1970-01-01 00:00:00.000000835,2024-10-02,VN30,1354.51
1970-01-01 00:00:00.000000836,2024-10-03,VN30,1346.46
1970-01-01 00:00:00.000000837,2024-10-04,VN30,1336.21
1970-01-01 00:00:00.000000838,2024-10-07,VN30,1335.48
1970-01-01 00:00:00.000000839,2024-10-08,VN30,1339.05
1970-01-01 00:00:00.000000840,2024-10-09,VN30,1351.97
1970-01-01 00:00:00.000000841,2024-10-10,VN30,1360.58
1970-01-01 00:00:00.000000842,2024-10-11,VN30,1362.5
1970-01-01 00:00:00.000000843,2024-10-14,VN30,1358.76
1970-01-01 00:00:00.000000844,2024-10-15,VN30,1356.09
1970-01-01 00:00:00.000000845,2024-10-16,VN30,1354.1
1970-01-01 00:00:00.000000846,2024-10-17,VN30,1362.89
1970-01-01 00:00:00.000000847,2024-10-18,VN30,1362.69
1970-01-01 00:00:00.000000848,2024-10-21,VN30,1358.03
1970-01-01 00:00:00.000000849,2024-10-22,VN30,1348.92
1970-01-01 00:00:00.000000850,2024-10-23,VN30,1349.72
1970-01-01 00:00:00.000000851,2024-10-24,VN30,1329.62
1970-01-01 00:00:00.000000852,2024-10-25,VN30,1325.54
1970-01-01 00:00:00.000000853,2024-10-28,VN30,1328.33
1970-01-01 00:00:00.000000854,2024-10-29,VN30,1335.76
1970-01-01 00:00:00.000000855,2024-10-30,VN30,1333.85
1970-01-01 00:00:00.000000856,2024-10-31,VN30,1338.6
1970-01-01 00:00:00.000000857,2024-11-01,VN30,1325.62
1970-01-01 00:00:00.000000858,2024-11-04,VN30,1312.64
1970-01-01 00:00:00.000000859,2024-11-05,VN30,1313.35
1970-01-01 00:00:00.000000860,2024-11-06,VN30,1329.56
1970-01-01 00:00:00.000000861,2024-11-07,VN30,1326.65
1970-01-01 00:00:00.000000862,2024-11-08,VN30,1317.34
1970-01-01 00:00:00.000000863,2024-11-11,VN30,1310.46
1970-01-01 00:00:00.000000864,2024-11-12,VN30,1301.95
1970-01-01 00:00:00.000000865,2024-11-13,VN30,1304.04
1970-01-01 00:00:00.000000866,2024-11-14,VN30,1286.65
1970-01-01 00:00:00.000000867,2024-11-15,VN30,1271.22
1970-01-01 00:00:00.000000868,2024-11-18,VN30,1270.23
1970-01-01 00:00:00.000000869,2024-11-19,VN30,1259.08
1970-01-01 00:00:00.000000870,2024-11-20,VN30,1271.73
1970-01-01 00:00:00.000000871,2024-11-21,VN30,1286.67
1970-01-01 00:00:00.000000872,2024-11-22,VN30,1286.07
1970-01-01 00:00:00.000000873,2024-11-25,VN30,1291.94
1970-01-01 00:00:00.000000874,2024-11-26,VN30,1299.22
1970-01-01 00:00:00.000000875,2024-11-27,VN30,1301.06
1970-01-01 00:00:00.000000876,2024-11-28,VN30,1301.52
1970-01-01 00:00:00.000000877,2024-11-29,VN30,1311.26
1970-01-01 00:00:00.000000878,2024-12-02,VN30,1308.83
1970-01-01 00:00:00.000000879,2024-12-03,VN30,1309.18
1970-01-01 00:00:00.000000880,2024-12-04,VN30,1297.81
1970-01-01 00:00:00.000000881,2024-12-05,VN30,1337.55
1970-01-01 00:00:00.000000882,2024-12-06,VN30,1337.28
1970-01-01 00:00:00.000000883,2024-12-09,VN30,1336.18
1970-01-01 00:00:00.000000884,2024-12-10,VN30,1335.85
1970-01-01 00:00:00.000000885,2024-12-11,VN30,1336.48
1970-01-01 00:00:00.000000886,2024-12-12,VN30,1335.55
1970-01-01 00:00:00.000000887,2024-12-13,VN30,1331.58
1970-01-01 00:00:00.000000888,2024-12-16,VN30,1331.82
1970-01-01 00:00:00.000000889,2024-12-17,VN30,1327.63
1970-01-01 00:00:00.000000890,2024-12-18,VN30,1329.83
1970-01-01 00:00:00.000000891,2024-12-19,VN30,1314.16
1970-01-01 00:00:00.000000892,2024-12-20,VN30,1317.77
1970-01-01 00:00:00.000000893,2024-12-23,VN30,1323.02
1970-01-01 00:00:00.000000894,2024-12-24,VN30,1323.27
1970-01-01 00:00:00.000000895,2024-12-25,VN30,1342.48
1970-01-01 00:00:00.000000896,2024-12-26,VN30,1342.68
1970-01-01 00:00:00.000000897,2024-12-27,VN30,1346.84
1970-01-01 00:00:00.000000898,2024-12-30,VN30,1347.35
1970-01-01 00:00:00.000000899,2024-12-31,VN30,1344.75
