Date,Stock
2021-08-02,ACB
2021-08-02,BID
2021-08-02,BVH
2021-08-02,CTG
2021-08-02,FPT
2021-08-02,GAS
2021-08-02,GVR
2021-08-02,HDB
2021-08-02,HPG
2021-08-02,KDH
2021-08-02,MBB
2021-08-02,MSN
2021-08-02,MWG
2021-08-02,NVL
2021-08-02,PDR
2021-08-02,PLX
2021-08-02,PNJ
2021-08-02,POW
2021-08-02,SAB
2021-08-02,SSI
2021-08-02,STB
2021-08-02,TCB
2021-08-02,TPB
2021-08-02,VCB
2021-08-02,VHM
2021-08-02,VIC
2021-08-02,VJC
2021-08-02,VNM
2021-08-02,VPB
2021-08-02,VRE
2022-08-01,ACB
2022-08-01,BID
2022-08-01,BVH
2022-08-01,CTG
2022-08-01,FPT
2022-08-01,GAS
2022-08-01,GVR
2022-08-01,HDB
2022-08-01,HPG
2022-08-01,KDH
2022-08-01,MBB
2022-08-01,MSN
2022-08-01,MWG
2022-08-01,NVL
2022-08-01,PDR
2022-08-01,PLX
2022-08-01,POW
2022-08-01,SAB
2022-08-01,SSI
2022-08-01,STB
2022-08-01,TCB
2022-08-01,TPB
2022-08-01,VCB
2022-08-01,VHM
2022-08-01,VIB
2022-08-01,VIC
2022-08-01,VJC
2022-08-01,VNM
2022-08-01,VPB
2022-08-01,VRE
2023-02-06,ACB
2023-02-06,BCM
2023-02-06,BID
2023-02-06,BVH
2023-02-06,CTG
2023-02-06,FPT
2023-02-06,GAS
2023-02-06,GVR
2023-02-06,HDB
2023-02-06,HPG
2023-02-06,MBB
2023-02-06,MSN
2023-02-06,MWG
2023-02-06,NVL
2023-02-06,PDR
2023-02-06,PLX
2023-02-06,POW
2023-02-06,SAB
2023-02-06,SSI
2023-02-06,STB
2023-02-06,TCB
2023-02-06,TPB
2023-02-06,VCB
2023-02-06,VHM
2023-02-06,VIB
2023-02-06,VIC
2023-02-06,VJC
2023-02-06,VNM
2023-02-06,VPB
2023-02-06,VRE
2023-08-07,ACB
2023-08-07,BCM
2023-08-07,BID
2023-08-07,BVH
2023-08-07,CTG
2023-08-07,FPT
2023-08-07,GAS
2023-08-07,GVR
2023-08-07,HDB
2023-08-07,HPG
2023-08-07,MBB
2023-08-07,MSN
2023-08-07,MWG
2023-08-07,PLX
2023-08-07,POW
2023-08-07,SAB
2023-08-07,SHB
2023-08-07,SSB
2023-08-07,SSI
2023-08-07,STB
2023-08-07,TCB
2023-08-07,TPB
2023-08-07,VCB
2023-08-07,VHM
2023-08-07,VIB
2023-08-07,VIC
2023-08-07,VJC
2023-08-07,VNM
2023-08-07,VPB
2023-08-07,VRE
